[{"id":"user-file-Termsofservice.docx.pdf","fileName":"Termsofservice.docx.pdf","name":"Termsofservice.docx","publicUrl":"https://assets.nicepagecdn.com/09835b43/6473107/files/Termsofservice.docx.pdf","size":47870},{"id":"user-file-Houserules.jpeg","fileName":"Houserules.jpeg","name":"Houserules","publicUrl":"https://assets.nicepagecdn.com/09835b43/6473107/files/Houserules.jpeg","size":152014},{"id":"user-file-PrivacyPolicy.pdf","fileName":"PrivacyPolicy.pdf","name":"PrivacyPolicy","publicUrl":"https://assets.nicepagecdn.com/09835b43/6473107/files/PrivacyPolicy.pdf","size":59881}]