[{"id":"user-image-photo-1611807527279-f6ac568cd4f8.jpeg","fileName":"photo-1611807527279-f6ac568cd4f8.jpeg","name":"photo-1611807527279-f6ac568cd4f8","publicUrl":"https://assets.nicepagecdn.com/09835b43/6473107/images/photo-1611807527279-f6ac568cd4f8.jpeg","size":71957,"hash":"mhvYAawHXi/JyACfBpyeXZUe65c=","width":1080,"height":720,"folderId":null,"thumbnail":{"url":"https://assets.nicepagecdn.com/09835b43/6473107/images/thumbnails/photo-1611807527279-f6ac568cd4f8.jpeg","width":150,"height":100},"originalUrl":"https://images.unsplash.com/photo-1611807527279-f6ac568cd4f8?crop=entropy&cs=tinysrgb&fit=max&fm=jpg&ixid=M3w1NzgzNjl8MHwxfHNlYXJjaHwxM3x8cHJpY2VzfGVufDB8fHx8MTc0MjE5MjgwNnww&ixlib=rb-4.0.3&q=80&w=1080","usages":[]},{"id":"user-image-8.jpg","fileName":"8.jpg","name":"8","publicUrl":"https://assets.nicepagecdn.com/09835b43/6473107/images/8.jpg","size":182084,"hash":"rENDExNvdNlq9CNAOQDpBXj4tKY=","width":1280,"height":960,"folderId":null,"thumbnail":{"url":"https://assets.nicepagecdn.com/09835b43/6473107/images/thumbnails/8.jpg","width":150,"height":113},"usages":["361024110"]},{"id":"user-image-9.jpg","fileName":"9.jpg","name":"9","publicUrl":"https://assets.nicepagecdn.com/09835b43/6473107/images/9.jpg","size":241059,"hash":"KNxdHcnhrDjOvUD2Yk0WM4w851A=","width":1280,"height":960,"folderId":null,"thumbnail":{"url":"https://assets.nicepagecdn.com/09835b43/6473107/images/thumbnails/9.jpg","width":150,"height":113},"usages":["361024110"]},{"id":"user-image-21.jpg","fileName":"21.jpg","name":"21","publicUrl":"https://assets.nicepagecdn.com/09835b43/6473107/images/21.jpg","size":202830,"hash":"vFf6f8xBAndxg3pA1ic86E37W4U=","width":1280,"height":960,"folderId":null,"thumbnail":{"url":"https://assets.nicepagecdn.com/09835b43/6473107/images/thumbnails/21.jpg","width":150,"height":113},"usages":[]},{"id":"user-image-26.jpg","fileName":"26.jpg","name":"26","publicUrl":"https://assets.nicepagecdn.com/09835b43/6473107/images/26.jpg","size":221954,"hash":"nIdNt1MwgVBLepNocYWynf5WsiE=","width":1280,"height":960,"folderId":null,"thumbnail":{"url":"https://assets.nicepagecdn.com/09835b43/6473107/images/thumbnails/26.jpg","width":150,"height":113},"usages":[]},{"id":"user-image-23.jpg","fileName":"23.jpg","name":"23","publicUrl":"https://assets.nicepagecdn.com/09835b43/6473107/images/23.jpg","size":172178,"hash":"Ila5fpzit+QJ/1/KzuGaMDzCgGA=","width":1280,"height":960,"folderId":null,"thumbnail":{"url":"https://assets.nicepagecdn.com/09835b43/6473107/images/thumbnails/23.jpg","width":150,"height":113},"usages":["361024110"]},{"id":"user-image-22.jpg","fileName":"22.jpg","name":"22","publicUrl":"https://assets.nicepagecdn.com/09835b43/6473107/images/22.jpg","size":186391,"hash":"L0pj2eYnYoql5cRO4lpFDgX+KE0=","width":1280,"height":960,"folderId":null,"thumbnail":{"url":"https://assets.nicepagecdn.com/09835b43/6473107/images/thumbnails/22.jpg","width":150,"height":113},"usages":[]},{"id":"user-image-11.jpg","fileName":"11.jpg","name":"11","publicUrl":"https://assets.nicepagecdn.com/09835b43/6473107/images/11.jpg","size":148664,"hash":"BUSJH7zZnBXR/zjeuU31Gr3+c98=","width":1280,"height":960,"folderId":null,"thumbnail":{"url":"https://assets.nicepagecdn.com/09835b43/6473107/images/thumbnails/11.jpg","width":150,"height":113},"usages":["361024110"]},{"id":"user-image-5.jpg","fileName":"5.jpg","name":"5","publicUrl":"https://assets.nicepagecdn.com/09835b43/6473107/images/5.jpg","size":197549,"hash":"7xXiYtc91gj7UuSgZ4kNlILp5F4=","width":1280,"height":960,"folderId":null,"thumbnail":{"url":"https://assets.nicepagecdn.com/09835b43/6473107/images/thumbnails/5.jpg","width":150,"height":113},"usages":["361024110"]},{"id":"user-image-10.jpg","fileName":"10.jpg","name":"10","publicUrl":"https://assets.nicepagecdn.com/09835b43/6473107/images/10.jpg","size":165962,"hash":"5X4dDvM16nBR27kHOsYilV73lRs=","width":1280,"height":960,"folderId":null,"thumbnail":{"url":"https://assets.nicepagecdn.com/09835b43/6473107/images/thumbnails/10.jpg","width":150,"height":113},"usages":["361024110"]},{"id":"user-image-4.jpg","fileName":"4.jpg","name":"4","publicUrl":"https://assets.nicepagecdn.com/09835b43/6473107/images/4.jpg","size":204334,"hash":"UQSiNemh9wRYSGsHzhcSBz4TFJQ=","width":1280,"height":960,"folderId":null,"thumbnail":{"url":"https://assets.nicepagecdn.com/09835b43/6473107/images/thumbnails/4.jpg","width":150,"height":113},"usages":[]},{"id":"user-image-6.jpg","fileName":"6.jpg","name":"6","publicUrl":"https://assets.nicepagecdn.com/09835b43/6473107/images/6.jpg","size":152426,"hash":"JaPsK0VRW6imBPW5Fxmn/vz+sZo=","width":1280,"height":960,"folderId":null,"thumbnail":{"url":"https://assets.nicepagecdn.com/09835b43/6473107/images/thumbnails/6.jpg","width":150,"height":113},"usages":[]},{"id":"user-image-24.jpg","fileName":"24.jpg","name":"24","publicUrl":"https://assets.nicepagecdn.com/09835b43/6473107/images/24.jpg","size":156896,"hash":"99oNIuS7y1cy88Xu12JeTI06Lyk=","width":1280,"height":960,"folderId":null,"thumbnail":{"url":"https://assets.nicepagecdn.com/09835b43/6473107/images/thumbnails/24.jpg","width":150,"height":113},"usages":[]},{"id":"user-image-3.jpg","fileName":"3.jpg","name":"3","publicUrl":"https://assets.nicepagecdn.com/09835b43/6473107/images/3.jpg","size":163095,"hash":"Uv8DYA0wIbbI0ZvF0+uYNPfK9IY=","width":960,"height":1280,"folderId":null,"thumbnail":{"url":"https://assets.nicepagecdn.com/09835b43/6473107/images/thumbnails/3.jpg","width":113,"height":150},"usages":["361024110"]},{"id":"user-image-29.jpg","fileName":"29.jpg","name":"29","publicUrl":"https://assets.nicepagecdn.com/09835b43/6473107/images/29.jpg","size":136241,"hash":"IamwipR5lGteqKkBHxB+ZFDdnm8=","width":1280,"height":960,"folderId":null,"thumbnail":{"url":"https://assets.nicepagecdn.com/09835b43/6473107/images/thumbnails/29.jpg","width":150,"height":113},"usages":["361024110"]},{"id":"user-image-Houserules.jpeg","fileName":"Houserules.jpeg","name":"Houserules","publicUrl":"https://assets.nicepagecdn.com/09835b43/6473107/images/Houserules.jpeg","size":152014,"hash":"pDPEParKOPKympknW4If9gcr7xU=","width":1042,"height":1377,"folderId":null,"thumbnail":{"url":"https://assets.nicepagecdn.com/09835b43/6473107/images/thumbnails/Houserules.jpeg","width":114,"height":150},"usages":[]},{"id":"user-image-photo-1612367980327-7454a7276aa7.jpeg","fileName":"photo-1612367980327-7454a7276aa7.jpeg","name":"photo-1612367980327-7454a7276aa7","publicUrl":"https://assets.nicepagecdn.com/09835b43/6473107/images/photo-1612367980327-7454a7276aa7.jpeg","size":108269,"hash":"t4eRgsgypIatoxgDNWiEsqzaiB8=","width":1080,"height":720,"folderId":null,"thumbnail":{"url":"https://assets.nicepagecdn.com/09835b43/6473107/images/thumbnails/photo-1612367980327-7454a7276aa7.jpeg","width":150,"height":100},"originalUrl":"https://images.unsplash.com/photo-1612367980327-7454a7276aa7?crop=entropy&cs=tinysrgb&fit=max&fm=jpg&ixid=M3w1NzgzNjl8MHwxfGNvbGxlY3Rpb258NHwzNzYxMDkwfHx8fHwyfHwxNzQyMjE5Mzk2fA&ixlib=rb-4.0.3&q=80&w=1080","usages":[]},{"id":"user-image-photo-1617140952698-08a287842fcb.jpeg","fileName":"photo-1617140952698-08a287842fcb.jpeg","name":"photo-1617140952698-08a287842fcb","publicUrl":"https://assets.nicepagecdn.com/09835b43/6473107/images/photo-1617140952698-08a287842fcb.jpeg","size":161490,"hash":"i8HHtFZpJ9GJBkQ0q0TqnQOHnCM=","width":1080,"height":1620,"folderId":null,"thumbnail":{"url":"https://assets.nicepagecdn.com/09835b43/6473107/images/thumbnails/photo-1617140952698-08a287842fcb.jpeg","width":100,"height":150},"originalUrl":"https://images.unsplash.com/photo-1617140952698-08a287842fcb?crop=entropy&cs=tinysrgb&fit=max&fm=jpg&ixid=M3w1NzgzNjl8MHwxfGNvbGxlY3Rpb258M3wzNzYxMDkwfHx8fHwyfHwxNzQyMjE5Mzk2fA&ixlib=rb-4.0.3&q=80&w=1080","usages":[]},{"id":"user-image-photo-1564177611049-76e2933c6017.jpeg","fileName":"photo-1564177611049-76e2933c6017.jpeg","name":"photo-1564177611049-76e2933c6017","publicUrl":"https://assets.nicepagecdn.com/09835b43/6473107/images/photo-1564177611049-76e2933c6017.jpeg","size":283910,"hash":"4JPOE1n9Fxc1Wd+Wm3kexDBK2BY=","width":1080,"height":1350,"folderId":null,"thumbnail":{"url":"https://assets.nicepagecdn.com/09835b43/6473107/images/thumbnails/photo-1564177611049-76e2933c6017.jpeg","width":120,"height":150},"originalUrl":"https://images.unsplash.com/photo-1564177611049-76e2933c6017?crop=entropy&cs=tinysrgb&fit=max&fm=jpg&ixid=M3w1NzgzNjl8MHwxfHNlYXJjaHwxMnx8Rm9sbG93fGVufDB8fHx8MTc0MjIxODQzOXww&ixlib=rb-4.0.3&q=80&w=1080","usages":[]},{"id":"user-image-27.jpg","fileName":"27.jpg","name":"27","publicUrl":"https://assets.nicepagecdn.com/09835b43/6473107/images/27.jpg","size":340583,"hash":"AfPR8BkJRKAcXd1o6ALSXwrZdXA=","width":1280,"height":742,"folderId":null,"thumbnail":{"url":"https://assets.nicepagecdn.com/09835b43/6473107/images/thumbnails/27.jpg","width":150,"height":87},"usages":["1540710491"]},{"id":"user-image-photo-1519807173450-724fb9b09921.jpeg","fileName":"photo-1519807173450-724fb9b09921.jpeg","name":"photo-1519807173450-724fb9b09921","publicUrl":"https://assets.nicepagecdn.com/09835b43/6473107/images/photo-1519807173450-724fb9b09921.jpeg","size":8018,"hash":"ABmUX+I4cw30pL64xc2BDlFd4MU=","width":1080,"height":720,"folderId":null,"thumbnail":{"url":"https://assets.nicepagecdn.com/09835b43/6473107/images/thumbnails/photo-1519807173450-724fb9b09921.jpeg","width":150,"height":100},"originalUrl":"https://images.unsplash.com/photo-1519807173450-724fb9b09921?crop=entropy&cs=tinysrgb&fit=max&fm=jpg&ixid=M3w1NzgzNjl8MHwxfGNvbGxlY3Rpb258MjB8MjQ0MDg4N3x8fHx8Mnx8MTc0MjE5NjM1MXw&ixlib=rb-4.0.3&q=80&w=1080","usages":[]},{"id":"user-image-photo-1515202427191-998103fceb82.jpeg","fileName":"photo-1515202427191-998103fceb82.jpeg","name":"photo-1515202427191-998103fceb82","publicUrl":"https://assets.nicepagecdn.com/09835b43/6473107/images/photo-1515202427191-998103fceb82.jpeg","size":68759,"hash":"A+Bryy+MlRmFTQYT6h3+fYtLDkI=","width":1080,"height":720,"folderId":null,"thumbnail":{"url":"https://assets.nicepagecdn.com/09835b43/6473107/images/thumbnails/photo-1515202427191-998103fceb82.jpeg","width":150,"height":100},"originalUrl":"https://images.unsplash.com/photo-1515202427191-998103fceb82?crop=entropy&cs=tinysrgb&fit=max&fm=jpg&ixid=M3w1NzgzNjl8MHwxfGNvbGxlY3Rpb258NXwyNDQwODg3fHx8fHwyfHwxNzQyMTk2MzUxfA&ixlib=rb-4.0.3&q=80&w=1080","usages":[]},{"id":"user-image-photo-1491156676545-0e28b373f020.jpeg","fileName":"photo-1491156676545-0e28b373f020.jpeg","name":"photo-1491156676545-0e28b373f020","publicUrl":"https://assets.nicepagecdn.com/09835b43/6473107/images/photo-1491156676545-0e28b373f020.jpeg","size":528332,"hash":"4OJMfmBHCX8kt3NAvhE36qBZFPY=","width":1080,"height":1620,"folderId":null,"thumbnail":{"url":"https://assets.nicepagecdn.com/09835b43/6473107/images/thumbnails/photo-1491156676545-0e28b373f020.jpeg","width":100,"height":150},"originalUrl":"https://images.unsplash.com/photo-1491156676545-0e28b373f020?crop=entropy&cs=tinysrgb&fit=max&fm=jpg&ixid=M3w1NzgzNjl8MHwxfGNvbGxlY3Rpb258MTd8MjQ0MDg4N3x8fHx8Mnx8MTc0MjE5NjM1MXw&ixlib=rb-4.0.3&q=80&w=1080","usages":[]},{"id":"user-image-photo-1517586979036-b7d1e86b3345.jpeg","fileName":"photo-1517586979036-b7d1e86b3345.jpeg","name":"photo-1517586979036-b7d1e86b3345","publicUrl":"https://assets.nicepagecdn.com/09835b43/6473107/images/photo-1517586979036-b7d1e86b3345.jpeg","size":360496,"hash":"qs/whH/CPL2YpXEt3q0RYDTKZCA=","width":1080,"height":1618,"folderId":null,"thumbnail":{"url":"https://assets.nicepagecdn.com/09835b43/6473107/images/thumbnails/photo-1517586979036-b7d1e86b3345.jpeg","width":100,"height":150},"originalUrl":"https://images.unsplash.com/photo-1517586979036-b7d1e86b3345?crop=entropy&cs=tinysrgb&fit=max&fm=jpg&ixid=M3w1NzgzNjl8MHwxfGNvbGxlY3Rpb258MTB8MjQ0MDg4N3x8fHx8Mnx8MTc0MjE5NjM1MXw&ixlib=rb-4.0.3&q=80&w=1080","usages":[]},{"id":"user-image-photo-1513171920216-2640b288471b.jpeg","fileName":"photo-1513171920216-2640b288471b.jpeg","name":"photo-1513171920216-2640b288471b","publicUrl":"https://assets.nicepagecdn.com/09835b43/6473107/images/photo-1513171920216-2640b288471b.jpeg","size":293389,"hash":"EuQ+UEyZHoZozMc4NUWnAT3csZc=","width":1080,"height":1618,"folderId":null,"thumbnail":{"url":"https://assets.nicepagecdn.com/09835b43/6473107/images/thumbnails/photo-1513171920216-2640b288471b.jpeg","width":100,"height":150},"originalUrl":"https://images.unsplash.com/photo-1513171920216-2640b288471b?crop=entropy&cs=tinysrgb&fit=max&fm=jpg&ixid=M3w1NzgzNjl8MHwxfGNvbGxlY3Rpb258OXwyNDQwODg3fHx8fHwyfHwxNzQyMTk2MzUxfA&ixlib=rb-4.0.3&q=80&w=1080","usages":[]},{"id":"user-image-photo-1537235543255-729cf31bcc4c.jpeg","fileName":"photo-1537235543255-729cf31bcc4c.jpeg","name":"photo-1537235543255-729cf31bcc4c","publicUrl":"https://assets.nicepagecdn.com/09835b43/6473107/images/photo-1537235543255-729cf31bcc4c.jpeg","size":236641,"hash":"kIeqr27Jb+o+t7wD9gnxWaikNRg=","width":1080,"height":1440,"folderId":null,"thumbnail":{"url":"https://assets.nicepagecdn.com/09835b43/6473107/images/thumbnails/photo-1537235543255-729cf31bcc4c.jpeg","width":113,"height":150},"originalUrl":"https://images.unsplash.com/photo-1537235543255-729cf31bcc4c?crop=entropy&cs=tinysrgb&fit=max&fm=jpg&ixid=M3w1NzgzNjl8MHwxfGNvbGxlY3Rpb258MXwyNDQwODg3fHx8fHwyfHwxNzQyMTk2MzUxfA&ixlib=rb-4.0.3&q=80&w=1080","usages":[]},{"id":"user-image-photo-1515356302229-943db01da4fe.jpeg","fileName":"photo-1515356302229-943db01da4fe.jpeg","name":"photo-1515356302229-943db01da4fe","publicUrl":"https://assets.nicepagecdn.com/09835b43/6473107/images/photo-1515356302229-943db01da4fe.jpeg","size":130379,"hash":"ATOZLEvEG937jTOvgQNeLX159hY=","width":1080,"height":720,"folderId":null,"thumbnail":{"url":"https://assets.nicepagecdn.com/09835b43/6473107/images/thumbnails/photo-1515356302229-943db01da4fe.jpeg","width":150,"height":100},"originalUrl":"https://images.unsplash.com/photo-1515356302229-943db01da4fe?crop=entropy&cs=tinysrgb&fit=max&fm=jpg&ixid=M3w1NzgzNjl8MHwxfGNvbGxlY3Rpb258M3wyNDQwODg3fHx8fHwyfHwxNzQyMTk2MzUxfA&ixlib=rb-4.0.3&q=80&w=1080","usages":[]},{"id":"user-image-photo-1535160561007-cd7002a2ac77.jpeg","fileName":"photo-1535160561007-cd7002a2ac77.jpeg","name":"photo-1535160561007-cd7002a2ac77","publicUrl":"https://assets.nicepagecdn.com/09835b43/6473107/images/photo-1535160561007-cd7002a2ac77.jpeg","size":89763,"hash":"/Xy1Yq9C5zreIR8YlPcq4lxlskk=","width":1080,"height":720,"folderId":null,"thumbnail":{"url":"https://assets.nicepagecdn.com/09835b43/6473107/images/thumbnails/photo-1535160561007-cd7002a2ac77.jpeg","width":150,"height":100},"originalUrl":"https://images.unsplash.com/photo-1535160561007-cd7002a2ac77?crop=entropy&cs=tinysrgb&fit=max&fm=jpg&ixid=M3w1NzgzNjl8MHwxfGNvbGxlY3Rpb258MTh8MjQ0MDg4N3x8fHx8Mnx8MTc0MjE5NjM1MXw&ixlib=rb-4.0.3&q=80&w=1080","usages":[]},{"id":"user-image-photo-1533378890784-b2a5b0a59d40.jpeg","fileName":"photo-1533378890784-b2a5b0a59d40.jpeg","name":"photo-1533378890784-b2a5b0a59d40","publicUrl":"https://assets.nicepagecdn.com/09835b43/6473107/images/photo-1533378890784-b2a5b0a59d40.jpeg","size":319615,"hash":"RMRA9PLasS4atolpRvdEdgPZthE=","width":1080,"height":749,"folderId":null,"thumbnail":{"url":"https://assets.nicepagecdn.com/09835b43/6473107/images/thumbnails/photo-1533378890784-b2a5b0a59d40.jpeg","width":150,"height":104},"originalUrl":"https://images.unsplash.com/photo-1533378890784-b2a5b0a59d40?crop=entropy&cs=tinysrgb&fit=max&fm=jpg&ixid=M3w1NzgzNjl8MHwxfGNvbGxlY3Rpb258MnwyNDQwODg3fHx8fHwyfHwxNzQyMTk2MzUxfA&ixlib=rb-4.0.3&q=80&w=1080","usages":[]},{"id":"user-image-photo-1489526021617-36489c974c67.jpeg","fileName":"photo-1489526021617-36489c974c67.jpeg","name":"photo-1489526021617-36489c974c67","publicUrl":"https://assets.nicepagecdn.com/09835b43/6473107/images/photo-1489526021617-36489c974c67.jpeg","size":79842,"hash":"3kK8mhGPV6RZ56J29blqRqIrT7Q=","width":1080,"height":720,"folderId":null,"thumbnail":{"url":"https://assets.nicepagecdn.com/09835b43/6473107/images/thumbnails/photo-1489526021617-36489c974c67.jpeg","width":150,"height":100},"originalUrl":"https://images.unsplash.com/photo-1489526021617-36489c974c67?crop=entropy&cs=tinysrgb&fit=max&fm=jpg&ixid=M3w1NzgzNjl8MHwxfGNvbGxlY3Rpb258MTJ8MjQ0MDg4N3x8fHx8Mnx8MTc0MjE5NjM1MXw&ixlib=rb-4.0.3&q=80&w=1080","usages":[]},{"id":"user-image-photo-1534351455006-415f235f0dbe.jpeg","fileName":"photo-1534351455006-415f235f0dbe.jpeg","name":"photo-1534351455006-415f235f0dbe","publicUrl":"https://assets.nicepagecdn.com/09835b43/6473107/images/photo-1534351455006-415f235f0dbe.jpeg","size":238562,"hash":"itx3d4ndRcMGxDnEmfBK6gGdrZ0=","width":1080,"height":720,"folderId":null,"thumbnail":{"url":"https://assets.nicepagecdn.com/09835b43/6473107/images/thumbnails/photo-1534351455006-415f235f0dbe.jpeg","width":150,"height":100},"originalUrl":"https://images.unsplash.com/photo-1534351455006-415f235f0dbe?crop=entropy&cs=tinysrgb&fit=max&fm=jpg&ixid=M3w1NzgzNjl8MHwxfGNvbGxlY3Rpb258MTF8MjQ0MDg4N3x8fHx8Mnx8MTc0MjE5NjM1MXw&ixlib=rb-4.0.3&q=80&w=1080","usages":[]},{"id":"user-image-photo-1490027897610-7acb88bb6fa3.jpeg","fileName":"photo-1490027897610-7acb88bb6fa3.jpeg","name":"photo-1490027897610-7acb88bb6fa3","publicUrl":"https://assets.nicepagecdn.com/09835b43/6473107/images/photo-1490027897610-7acb88bb6fa3.jpeg","size":62340,"hash":"GZ8g5g94NaKEqXoTJ2GIATQiA04=","width":1080,"height":608,"folderId":null,"thumbnail":{"url":"https://assets.nicepagecdn.com/09835b43/6473107/images/thumbnails/photo-1490027897610-7acb88bb6fa3.jpeg","width":150,"height":84},"originalUrl":"https://images.unsplash.com/photo-1490027897610-7acb88bb6fa3?crop=entropy&cs=tinysrgb&fit=max&fm=jpg&ixid=M3w1NzgzNjl8MHwxfGNvbGxlY3Rpb258MTV8MjQ0MDg4N3x8fHx8Mnx8MTc0MjE5NjM1MXw&ixlib=rb-4.0.3&q=80&w=1080","usages":[]},{"id":"user-image-8571750.png","fileName":"8571750.png","name":"8571750","publicUrl":"https://assets.nicepagecdn.com/09835b43/6473107/images/8571750.png","size":3297,"hash":"sZqiHWKgmuFtt2H3/4wOZ+wR96I=","width":128,"height":128,"folderId":null,"thumbnail":{"url":"https://assets.nicepagecdn.com/09835b43/6473107/images/8571750.png","width":128,"height":128},"usages":[]},{"id":"user-image-2425844.png","fileName":"2425844.png","name":"2425844","publicUrl":"https://assets.nicepagecdn.com/09835b43/6473107/images/2425844.png","size":3833,"hash":"3yyyor2CIDIC5NgxIG7vFBA0EyA=","width":128,"height":128,"folderId":null,"thumbnail":{"url":"https://assets.nicepagecdn.com/09835b43/6473107/images/2425844.png","width":128,"height":128},"usages":[]},{"id":"user-image-1668914.png","fileName":"1668914.png","name":"1668914","publicUrl":"https://assets.nicepagecdn.com/09835b43/6473107/images/1668914.png","size":2056,"hash":"OkoWZvu12IV8j9s5sJlnUNW3sHk=","width":128,"height":128,"folderId":null,"thumbnail":{"url":"https://assets.nicepagecdn.com/09835b43/6473107/images/1668914.png","width":128,"height":128},"usages":[]},{"id":"user-image-x1.jpeg","fileName":"x1.jpeg","name":"x1","publicUrl":"https://assets.nicepagecdn.com/09835b43/6473107/images/x1.jpeg","size":114501,"hash":"we/lXPF+ippfjQFr10cGVUpKl80=","width":1280,"height":960,"folderId":null,"thumbnail":{"url":"https://assets.nicepagecdn.com/09835b43/6473107/images/thumbnails/x1.jpeg","width":150,"height":113},"usages":["315702375"]},{"id":"user-image-2.jpg","fileName":"2.jpg","name":"2","publicUrl":"https://assets.nicepagecdn.com/09835b43/6473107/images/2.jpg","size":202423,"hash":"L1nLmHI1XTZVBxHtl4cowxFReU4=","width":960,"height":1280,"folderId":null,"thumbnail":{"url":"https://assets.nicepagecdn.com/09835b43/6473107/images/thumbnails/2.jpg","width":113,"height":150},"usages":[]},{"id":"user-image-17.jpg","fileName":"17.jpg","name":"17","publicUrl":"https://assets.nicepagecdn.com/09835b43/6473107/images/17.jpg","size":179325,"hash":"GWBWjy5iCZXFxUEf5VJY05tlQ9s=","width":1280,"height":960,"folderId":null,"thumbnail":{"url":"https://assets.nicepagecdn.com/09835b43/6473107/images/thumbnails/17.jpg","width":150,"height":113},"usages":["361024110"]},{"id":"user-image-18.jpg","fileName":"18.jpg","name":"18","publicUrl":"https://assets.nicepagecdn.com/09835b43/6473107/images/18.jpg","size":214468,"hash":"hkIRYVbv6O9hJn0msGYKlyHg9Pc=","width":1280,"height":960,"folderId":null,"thumbnail":{"url":"https://assets.nicepagecdn.com/09835b43/6473107/images/thumbnails/18.jpg","width":150,"height":113},"usages":[]},{"id":"user-image-20.jpg","fileName":"20.jpg","name":"20","publicUrl":"https://assets.nicepagecdn.com/09835b43/6473107/images/20.jpg","size":278748,"hash":"m1zLeCZk4IYTEd2dPTgTdKSUGt0=","width":1280,"height":960,"folderId":null,"thumbnail":{"url":"https://assets.nicepagecdn.com/09835b43/6473107/images/thumbnails/20.jpg","width":150,"height":113},"usages":[]},{"id":"user-image-19.jpg","fileName":"19.jpg","name":"19","publicUrl":"https://assets.nicepagecdn.com/09835b43/6473107/images/19.jpg","size":158327,"hash":"WXf9ntM5Oo68G66QDveKcxWEZHE=","width":1280,"height":960,"folderId":null,"thumbnail":{"url":"https://assets.nicepagecdn.com/09835b43/6473107/images/thumbnails/19.jpg","width":150,"height":113},"usages":[]},{"id":"user-image-28.jpg","fileName":"28.jpg","name":"28","publicUrl":"https://assets.nicepagecdn.com/09835b43/6473107/images/28.jpg","size":164015,"hash":"b5KYGRLu2TREJdPnW8icSc9XoqY=","width":1280,"height":960,"folderId":null,"thumbnail":{"url":"https://assets.nicepagecdn.com/09835b43/6473107/images/thumbnails/28.jpg","width":150,"height":113},"usages":["315702375"]},{"id":"user-image-14.jpg","fileName":"14.jpg","name":"14","publicUrl":"https://assets.nicepagecdn.com/09835b43/6473107/images/14.jpg","size":107750,"hash":"dl5Cl8LhhEGFAJqFW2wi5N5l/AM=","width":1280,"height":960,"folderId":null,"thumbnail":{"url":"https://assets.nicepagecdn.com/09835b43/6473107/images/thumbnails/14.jpg","width":150,"height":113},"usages":["1540710491"]},{"id":"user-image-15.jpg","fileName":"15.jpg","name":"15","publicUrl":"https://assets.nicepagecdn.com/09835b43/6473107/images/15.jpg","size":139864,"hash":"o+6Pxqv6KWCuRlAmxrSm/QoeXyo=","width":1280,"height":960,"folderId":null,"thumbnail":{"url":"https://assets.nicepagecdn.com/09835b43/6473107/images/thumbnails/15.jpg","width":150,"height":113},"usages":[]},{"id":"user-image-12.jpg","fileName":"12.jpg","name":"12","publicUrl":"https://assets.nicepagecdn.com/09835b43/6473107/images/12.jpg","size":212009,"hash":"inAI2w+Wz7ie71m+Iusoy27pons=","width":1280,"height":960,"folderId":null,"thumbnail":{"url":"https://assets.nicepagecdn.com/09835b43/6473107/images/thumbnails/12.jpg","width":150,"height":113},"usages":[]},{"id":"user-image-13.jpg","fileName":"13.jpg","name":"13","publicUrl":"https://assets.nicepagecdn.com/09835b43/6473107/images/13.jpg","size":197664,"hash":"wJlmSRGGzE51OrxZzbWkSWN2Jko=","width":1280,"height":960,"folderId":null,"thumbnail":{"url":"https://assets.nicepagecdn.com/09835b43/6473107/images/thumbnails/13.jpg","width":150,"height":113},"usages":["315702375"]},{"id":"user-image-photo-1464082354059-27db6ce50048.jpeg","fileName":"photo-1464082354059-27db6ce50048.jpeg","name":"photo-1464082354059-27db6ce50048","publicUrl":"https://assets.nicepagecdn.com/09835b43/6473107/images/photo-1464082354059-27db6ce50048.jpeg","size":126615,"hash":"gvUzmV+WEj256bcbx0e0oN7SJVQ=","width":1080,"height":720,"folderId":null,"thumbnail":{"url":"https://assets.nicepagecdn.com/09835b43/6473107/images/thumbnails/photo-1464082354059-27db6ce50048.jpeg","width":150,"height":100},"originalUrl":"https://images.unsplash.com/photo-1464082354059-27db6ce50048?crop=entropy&cs=tinysrgb&fit=max&fm=jpg&ixid=M3w1NzgzNjl8MHwxfHNlYXJjaHw5fHxyZW50fGVufDB8fHx8MTc0MTk2MzE1N3ww&ixlib=rb-4.0.3&q=80&w=1080","usages":[]},{"id":"user-image-photo-1586446911746-3038e9751ac9.jpeg","fileName":"photo-1586446911746-3038e9751ac9.jpeg","name":"photo-1586446911746-3038e9751ac9","publicUrl":"https://assets.nicepagecdn.com/09835b43/6473107/images/photo-1586446911746-3038e9751ac9.jpeg","size":132571,"hash":"WHUDDmTDuokgxj4uANon1zv9E64=","width":1080,"height":720,"folderId":null,"thumbnail":{"url":"https://assets.nicepagecdn.com/09835b43/6473107/images/thumbnails/photo-1586446911746-3038e9751ac9.jpeg","width":150,"height":100},"originalUrl":"https://images.unsplash.com/photo-1586446911746-3038e9751ac9?crop=entropy&cs=tinysrgb&fit=max&fm=jpg&ixid=M3w1NzgzNjl8MHwxfHNlYXJjaHwxMHx8cmVudHxlbnwwfHx8fDE3NDE5NjMxNTd8MA&ixlib=rb-4.0.3&q=80&w=1080","usages":[]},{"id":"user-image-2e540ef10cb7cbad92049a09b860de9204dd9e20fc5cd24edf19f1f8e20799d4bbc856a47a64ea532c7b2b37912a0c0ec0ba4442dc286246878e9d_1280.jpg","fileName":"2e540ef10cb7cbad92049a09b860de9204dd9e20fc5cd24edf19f1f8e20799d4bbc856a47a64ea532c7b2b37912a0c0ec0ba4442dc286246878e9d_1280.jpg","name":"2e540ef10cb7cbad92049a09b860de9204dd9e20fc5cd24edf19f1f8e20799d4bbc856a47a64ea532c7b2b37912a0c0ec0ba4442dc286246878e9d_1280","publicUrl":"https://assets.nicepagecdn.com/09835b43/6473107/images/2e540ef10cb7cbad92049a09b860de9204dd9e20fc5cd24edf19f1f8e20799d4bbc856a47a64ea532c7b2b37912a0c0ec0ba4442dc286246878e9d_1280.jpg","size":240020,"hash":"A66e6CFAnG9ghXxm6rfndLXu3uA=","width":1280,"height":853,"folderId":null,"thumbnail":{"url":"https://assets.nicepagecdn.com/09835b43/6473107/images/thumbnails/2e540ef10cb7cbad92049a09b860de9204dd9e20fc5cd24edf19f1f8e20799d4bbc856a47a64ea532c7b2b37912a0c0ec0ba4442dc286246878e9d_1280.jpg","width":150,"height":100},"usages":[]},{"id":"user-image-photo-1507208773393-40d9fc670acf.jpeg","fileName":"photo-1507208773393-40d9fc670acf.jpeg","name":"photo-1507208773393-40d9fc670acf","publicUrl":"https://assets.nicepagecdn.com/09835b43/6473107/images/photo-1507208773393-40d9fc670acf.jpeg","size":258085,"hash":"55VtYDxAbiE1jc+YLEx0bq3xgrU=","width":1080,"height":1620,"folderId":null,"thumbnail":{"url":"https://assets.nicepagecdn.com/09835b43/6473107/images/thumbnails/photo-1507208773393-40d9fc670acf.jpeg","width":100,"height":150},"originalUrl":"https://images.unsplash.com/photo-1507208773393-40d9fc670acf?crop=entropy&cs=tinysrgb&fit=max&fm=jpg&ixid=M3w1NzgzNjl8MHwxfGNvbGxlY3Rpb258MTB8MjEwNDU4NHx8fHx8Mnx8MTc0MTk2MTcxNHw&ixlib=rb-4.0.3&q=80&w=1080","usages":[]},{"id":"user-image-photo-1551151568-780b73811535.jpeg","fileName":"photo-1551151568-780b73811535.jpeg","name":"photo-1551151568-780b73811535","publicUrl":"https://assets.nicepagecdn.com/09835b43/6473107/images/photo-1551151568-780b73811535.jpeg","size":116606,"hash":"YxdQQVFoEjfQGh0Zv+j5Rep0GaY=","width":1080,"height":810,"folderId":null,"thumbnail":{"url":"https://assets.nicepagecdn.com/09835b43/6473107/images/thumbnails/photo-1551151568-780b73811535.jpeg","width":150,"height":113},"originalUrl":"https://images.unsplash.com/photo-1551151568-780b73811535?crop=entropy&cs=tinysrgb&fit=max&fm=jpg&ixid=M3w1NzgzNjl8MHwxfGNvbGxlY3Rpb258MTF8MjEwNDU4NHx8fHx8Mnx8MTc0MTk2MTcxNHw&ixlib=rb-4.0.3&q=80&w=1080","usages":[]},{"id":"user-image-photo-1546700908-fee5d28cec11.jpeg","fileName":"photo-1546700908-fee5d28cec11.jpeg","name":"photo-1546700908-fee5d28cec11","publicUrl":"https://assets.nicepagecdn.com/09835b43/6473107/images/photo-1546700908-fee5d28cec11.jpeg","size":51194,"hash":"y1jNSG3d2rYS8v+hkleNDfAcomk=","width":1080,"height":810,"folderId":null,"thumbnail":{"url":"https://assets.nicepagecdn.com/09835b43/6473107/images/thumbnails/photo-1546700908-fee5d28cec11.jpeg","width":150,"height":113},"originalUrl":"https://images.unsplash.com/photo-1546700908-fee5d28cec11?crop=entropy&cs=tinysrgb&fit=max&fm=jpg&ixid=M3w1NzgzNjl8MHwxfGNvbGxlY3Rpb258MTJ8MjEwNDU4NHx8fHx8Mnx8MTc0MTk2MTcxNHw&ixlib=rb-4.0.3&q=80&w=1080","usages":[]},{"id":"user-image-photo-1526513060-5f0a39419699.jpeg","fileName":"photo-1526513060-5f0a39419699.jpeg","name":"photo-1526513060-5f0a39419699","publicUrl":"https://assets.nicepagecdn.com/09835b43/6473107/images/photo-1526513060-5f0a39419699.jpeg","size":197198,"hash":"s3hsVEq6TUpz4+7qZDlM1UFgbcI=","width":1080,"height":1440,"folderId":null,"thumbnail":{"url":"https://assets.nicepagecdn.com/09835b43/6473107/images/thumbnails/photo-1526513060-5f0a39419699.jpeg","width":113,"height":150},"originalUrl":"https://images.unsplash.com/photo-1526513060-5f0a39419699?crop=entropy&cs=tinysrgb&fit=max&fm=jpg&ixid=M3w1NzgzNjl8MHwxfGNvbGxlY3Rpb258MTR8MzQ0MzgyM3x8fHx8Mnx8MTc0MTk1MjU4OHw&ixlib=rb-4.0.3&q=80&w=1080","usages":[]},{"id":"user-image-photo-1603675166748-326d4264a77c.jpeg","fileName":"photo-1603675166748-326d4264a77c.jpeg","name":"photo-1603675166748-326d4264a77c","publicUrl":"https://assets.nicepagecdn.com/09835b43/6473107/images/photo-1603675166748-326d4264a77c.jpeg","size":102317,"hash":"imeks9C8krxM1WnuBapId79YsOY=","width":1080,"height":1620,"folderId":null,"thumbnail":{"url":"https://assets.nicepagecdn.com/09835b43/6473107/images/thumbnails/photo-1603675166748-326d4264a77c.jpeg","width":100,"height":150},"originalUrl":"https://images.unsplash.com/photo-1603675166748-326d4264a77c?crop=entropy&cs=tinysrgb&fit=max&fm=jpg&ixid=M3w1NzgzNjl8MHwxfGNvbGxlY3Rpb258MTN8MzQ0MzgyM3x8fHx8Mnx8MTc0MTk1MjU4OHw&ixlib=rb-4.0.3&q=80&w=1080","usages":[]},{"id":"user-image-7.jpg","fileName":"7.jpg","name":"7","publicUrl":"https://assets.nicepagecdn.com/09835b43/6473107/images/7.jpg","size":151065,"hash":"lAVzAl1iXV3BWFWq3bULHFl4WNQ=","width":1280,"height":960,"folderId":null,"thumbnail":{"url":"https://assets.nicepagecdn.com/09835b43/6473107/images/thumbnails/7.jpg","width":150,"height":113},"usages":[]},{"id":"user-image-Meetyourhosts.jpg","fileName":"Meetyourhosts.jpg","name":"Meetyourhosts","publicUrl":"https://assets.nicepagecdn.com/09835b43/6473107/images/Meetyourhosts.jpg","size":106721,"hash":"GO6kTTxJ2mXFWUYRVDIsX1osl9U=","width":513,"height":770,"folderId":null,"thumbnail":{"url":"https://assets.nicepagecdn.com/09835b43/6473107/images/thumbnails/Meetyourhosts.jpg","width":100,"height":150},"usages":["27851437","987713305"]},{"id":"user-image-photo-1518365050014-70fe7232897f.jpeg","fileName":"photo-1518365050014-70fe7232897f.jpeg","name":"photo-1518365050014-70fe7232897f","publicUrl":"https://assets.nicepagecdn.com/09835b43/6473107/images/photo-1518365050014-70fe7232897f.jpeg","size":179817,"hash":"EgGEmjcGbH72BtASCQ+2HXLCilM=","width":1080,"height":1620,"folderId":null,"thumbnail":{"url":"https://assets.nicepagecdn.com/09835b43/6473107/images/thumbnails/photo-1518365050014-70fe7232897f.jpeg","width":100,"height":150},"originalUrl":"https://images.unsplash.com/photo-1518365050014-70fe7232897f?crop=entropy&cs=tinysrgb&fit=max&fm=jpg&ixid=M3w1NzgzNjl8MHwxfGNvbGxlY3Rpb258MTF8NDYyMDEwM3x8fHx8Mnx8MTc0MTk1OTM4MXw&ixlib=rb-4.0.3&q=80&w=1080","usages":[]},{"id":"user-image-photo-1563228813-1c93b0664422.jpeg","fileName":"photo-1563228813-1c93b0664422.jpeg","name":"photo-1563228813-1c93b0664422","publicUrl":"https://assets.nicepagecdn.com/09835b43/6473107/images/photo-1563228813-1c93b0664422.jpeg","size":215355,"hash":"sCWFpYCISjERnoSpZLKfvBOlcH8=","width":1080,"height":1620,"folderId":null,"thumbnail":{"url":"https://assets.nicepagecdn.com/09835b43/6473107/images/thumbnails/photo-1563228813-1c93b0664422.jpeg","width":100,"height":150},"originalUrl":"https://images.unsplash.com/photo-1563228813-1c93b0664422?crop=entropy&cs=tinysrgb&fit=max&fm=jpg&ixid=M3w1NzgzNjl8MHwxfGNvbGxlY3Rpb258MTd8MTA1NDAxODB8fHx8fDJ8fDE3NDE5NTUyODR8&ixlib=rb-4.0.3&q=80&w=1080","usages":[]},{"id":"user-image-1.jpg","fileName":"1.jpg","name":"1","publicUrl":"https://assets.nicepagecdn.com/09835b43/6473107/images/1.jpg","size":452960,"hash":"vO1NfgiQT5QlEP+fENYg4SPrf4M=","width":1280,"height":960,"folderId":null,"thumbnail":{"url":"https://assets.nicepagecdn.com/09835b43/6473107/images/thumbnails/1.jpg","width":150,"height":113},"usages":["315702375","1540710491"]},{"id":"user-image-photo-1581174015459-937663835957.jpeg","fileName":"photo-1581174015459-937663835957.jpeg","name":"photo-1581174015459-937663835957","publicUrl":"https://assets.nicepagecdn.com/09835b43/6473107/images/photo-1581174015459-937663835957.jpeg","size":69311,"hash":"0Faxall35j5sdW9DpTSItRNQWo8=","width":1080,"height":1350,"folderId":null,"thumbnail":{"url":"https://assets.nicepagecdn.com/09835b43/6473107/images/thumbnails/photo-1581174015459-937663835957.jpeg","width":120,"height":150},"originalUrl":"https://images.unsplash.com/photo-1581174015459-937663835957?crop=entropy&cs=tinysrgb&fit=max&fm=jpg&ixid=M3w1NzgzNjl8MHwxfGNvbGxlY3Rpb258MTd8d1h5eEwzSVBoMGt8fHx8fDJ8fDE3NDE5NDQ0ODN8&ixlib=rb-4.0.3&q=80&w=1080","usages":[]},{"id":"user-image-2284001.png","fileName":"2284001.png","name":"2284001","publicUrl":"https://assets.nicepagecdn.com/09835b43/6473107/images/2284001.png","size":2476,"hash":"OTNsnupa9vaQwgIIizKtZJTbFLw=","width":128,"height":128,"folderId":null,"thumbnail":{"url":"https://assets.nicepagecdn.com/09835b43/6473107/images/2284001.png","width":128,"height":128},"usages":[]},{"id":"user-image-25.jpg","fileName":"25.jpg","name":"25","publicUrl":"https://assets.nicepagecdn.com/09835b43/6473107/images/25.jpg","size":165336,"hash":"1lRcbYEuaAOGX/rXDmBpsrJOhYs=","width":1280,"height":960,"folderId":null,"thumbnail":{"url":"https://assets.nicepagecdn.com/09835b43/6473107/images/thumbnails/25.jpg","width":150,"height":113},"usages":["987713305","1540710491"]},{"id":"user-image-16.jpg","fileName":"16.jpg","name":"16","publicUrl":"https://assets.nicepagecdn.com/09835b43/6473107/images/16.jpg","size":137281,"hash":"/tAi4D96mqSZkKSTZvIca9yRw/E=","width":1280,"height":960,"folderId":null,"thumbnail":{"url":"https://assets.nicepagecdn.com/09835b43/6473107/images/thumbnails/16.jpg","width":150,"height":113},"usages":["987713305"]},{"id":"user-image-photo-1566870360032-259aa700570c.jpeg","fileName":"photo-1566870360032-259aa700570c.jpeg","name":"photo-1566870360032-259aa700570c","publicUrl":"https://assets.nicepagecdn.com/09835b43/6473107/images/photo-1566870360032-259aa700570c.jpeg","size":235441,"hash":"i6DRZuI31RsasBB4IRQmuuQK3II=","width":1080,"height":525,"folderId":null,"thumbnail":{"url":"https://assets.nicepagecdn.com/09835b43/6473107/images/thumbnails/photo-1566870360032-259aa700570c.jpeg","width":150,"height":73},"originalUrl":"https://images.unsplash.com/photo-1566870360032-259aa700570c?crop=entropy&cs=tinysrgb&fit=max&fm=jpg&ixid=M3w1NzgzNjl8MHwxfGNvbGxlY3Rpb258MjB8eHVUU21udkR2MUV8fHx8fDJ8fDE3NDE5NDQ0ODV8&ixlib=rb-4.0.3&q=80&w=1080","usages":[]},{"id":"user-image-photo-1553968827-4a768f5bb872.jpeg","fileName":"photo-1553968827-4a768f5bb872.jpeg","name":"photo-1553968827-4a768f5bb872","publicUrl":"https://assets.nicepagecdn.com/09835b43/6473107/images/photo-1553968827-4a768f5bb872.jpeg","size":176124,"hash":"OMDABpoWMcXDUtiT0lcq9llOZBk=","width":1080,"height":720,"folderId":null,"thumbnail":{"url":"https://assets.nicepagecdn.com/09835b43/6473107/images/thumbnails/photo-1553968827-4a768f5bb872.jpeg","width":150,"height":100},"originalUrl":"https://images.unsplash.com/photo-1553968827-4a768f5bb872?crop=entropy&cs=tinysrgb&fit=max&fm=jpg&ixid=M3w1NzgzNjl8MHwxfGNvbGxlY3Rpb258MTl8eHVUU21udkR2MUV8fHx8fDJ8fDE3NDE5NDQ0ODV8&ixlib=rb-4.0.3&q=80&w=1080","usages":[]},{"id":"user-image-logo.jpg","fileName":"logo.jpg","name":"logo","publicUrl":"https://assets.nicepagecdn.com/09835b43/6473107/images/logo.jpg","size":30085,"hash":"EPVNPQSYwWT3+ffiJPgNdcPqHmY=","width":720,"height":671,"folderId":null,"thumbnail":{"url":"https://assets.nicepagecdn.com/09835b43/6473107/images/thumbnails/logo.jpg","width":150,"height":140},"usages":["27851437","361024110"]},{"id":"user-image-photo-1484911501340-37fbfd715b41.jpeg","fileName":"photo-1484911501340-37fbfd715b41.jpeg","name":"photo-1484911501340-37fbfd715b41","publicUrl":"https://assets.nicepagecdn.com/09835b43/6473107/images/photo-1484911501340-37fbfd715b41.jpeg","size":94009,"hash":"2al11BV5gAkN+2tJZijBUk7iRkY=","width":1080,"height":709,"folderId":null,"thumbnail":{"url":"https://assets.nicepagecdn.com/09835b43/6473107/images/thumbnails/photo-1484911501340-37fbfd715b41.jpeg","width":150,"height":98},"originalUrl":"https://images.unsplash.com/photo-1484911501340-37fbfd715b41?crop=entropy&cs=tinysrgb&fit=max&fm=jpg&ixid=M3w1NzgzNjl8MHwxfGNvbGxlY3Rpb258MTV8Q0pKUnBNNHo0MFV8fHx8fDJ8fDE3NDE5NDQ0ODV8&ixlib=rb-4.0.3&q=80&w=1080","usages":[]},{"id":"user-image-photo-1615354310157-c78b1be66eed.jpeg","fileName":"photo-1615354310157-c78b1be66eed.jpeg","name":"photo-1615354310157-c78b1be66eed","publicUrl":"https://assets.nicepagecdn.com/09835b43/6473107/images/photo-1615354310157-c78b1be66eed.jpeg","size":445676,"hash":"2DvZ+8n2Ap87Dm0xLLkeQhtxgaw=","width":1080,"height":1350,"folderId":null,"thumbnail":{"url":"https://assets.nicepagecdn.com/09835b43/6473107/images/thumbnails/photo-1615354310157-c78b1be66eed.jpeg","width":120,"height":150},"originalUrl":"https://images.unsplash.com/photo-1615354310157-c78b1be66eed?crop=entropy&cs=tinysrgb&fit=max&fm=jpg&ixid=M3w1NzgzNjl8MHwxfGNvbGxlY3Rpb258MnxDSkpScE00ejQwVXx8fHx8Mnx8MTc0MTk0NDQ4NXw&ixlib=rb-4.0.3&q=80&w=1080","usages":[]},{"id":"user-image-photo-1605467080341-3e7e56f266bf.jpeg","fileName":"photo-1605467080341-3e7e56f266bf.jpeg","name":"photo-1605467080341-3e7e56f266bf","publicUrl":"https://assets.nicepagecdn.com/09835b43/6473107/images/photo-1605467080341-3e7e56f266bf.jpeg","size":232123,"hash":"Dg6NlC3P8+aAKSEkvxPGr26eJOk=","width":1080,"height":1620,"folderId":null,"thumbnail":{"url":"https://assets.nicepagecdn.com/09835b43/6473107/images/thumbnails/photo-1605467080341-3e7e56f266bf.jpeg","width":100,"height":150},"originalUrl":"https://images.unsplash.com/photo-1605467080341-3e7e56f266bf?crop=entropy&cs=tinysrgb&fit=max&fm=jpg&ixid=M3w1NzgzNjl8MHwxfGNvbGxlY3Rpb258MTR8Q0pKUnBNNHo0MFV8fHx8fDJ8fDE3NDE5NDQ0ODV8&ixlib=rb-4.0.3&q=80&w=1080","usages":[]},{"id":"user-image-photo-1638942247251-fef8f21b66f7.jpeg","fileName":"photo-1638942247251-fef8f21b66f7.jpeg","name":"photo-1638942247251-fef8f21b66f7","publicUrl":"https://assets.nicepagecdn.com/09835b43/6473107/images/photo-1638942247251-fef8f21b66f7.jpeg","size":543808,"hash":"25zof+eLBw0i5ufrthVD1YgwxyU=","width":1080,"height":1440,"folderId":null,"thumbnail":{"url":"https://assets.nicepagecdn.com/09835b43/6473107/images/thumbnails/photo-1638942247251-fef8f21b66f7.jpeg","width":113,"height":150},"originalUrl":"https://images.unsplash.com/photo-1638942247251-fef8f21b66f7?crop=entropy&cs=tinysrgb&fit=max&fm=jpg&ixid=M3w1NzgzNjl8MHwxfGNvbGxlY3Rpb258MXxDSkpScE00ejQwVXx8fHx8Mnx8MTc0MTk0NDQ4NXw&ixlib=rb-4.0.3&q=80&w=1080","usages":[]},{"id":"user-image-photo-1611226462588-b69c67e53780.jpeg","fileName":"photo-1611226462588-b69c67e53780.jpeg","name":"photo-1611226462588-b69c67e53780","publicUrl":"https://assets.nicepagecdn.com/09835b43/6473107/images/photo-1611226462588-b69c67e53780.jpeg","size":154557,"hash":"CwPtJd8DOiufdCvNFGisHrLrxaI=","width":1080,"height":1728,"folderId":null,"thumbnail":{"url":"https://assets.nicepagecdn.com/09835b43/6473107/images/thumbnails/photo-1611226462588-b69c67e53780.jpeg","width":94,"height":150},"originalUrl":"https://images.unsplash.com/photo-1611226462588-b69c67e53780?crop=entropy&cs=tinysrgb&fit=max&fm=jpg&ixid=M3w1NzgzNjl8MHwxfGNvbGxlY3Rpb258NXxDSkpScE00ejQwVXx8fHx8Mnx8MTc0MTk0NDQ4NXw&ixlib=rb-4.0.3&q=80&w=1080","usages":[]},{"id":"user-image-photo-1521898208365-d7bd8e1ad280.jpeg","fileName":"photo-1521898208365-d7bd8e1ad280.jpeg","name":"photo-1521898208365-d7bd8e1ad280","publicUrl":"https://assets.nicepagecdn.com/09835b43/6473107/images/photo-1521898208365-d7bd8e1ad280.jpeg","size":317578,"hash":"6dLib/OQszH1QWv+oLSW4hvVV8g=","width":1080,"height":1518,"folderId":null,"thumbnail":{"url":"https://assets.nicepagecdn.com/09835b43/6473107/images/thumbnails/photo-1521898208365-d7bd8e1ad280.jpeg","width":107,"height":150},"originalUrl":"https://images.unsplash.com/photo-1521898208365-d7bd8e1ad280?crop=entropy&cs=tinysrgb&fit=max&fm=jpg&ixid=M3w1NzgzNjl8MHwxfGNvbGxlY3Rpb258M3xDSkpScE00ejQwVXx8fHx8Mnx8MTc0MTk0NDQ4NXw&ixlib=rb-4.0.3&q=80&w=1080","usages":[]},{"id":"user-image-photo-1475087542963-13ab5e611954.jpeg","fileName":"photo-1475087542963-13ab5e611954.jpeg","name":"photo-1475087542963-13ab5e611954","publicUrl":"https://assets.nicepagecdn.com/09835b43/6473107/images/photo-1475087542963-13ab5e611954.jpeg","size":244875,"hash":"+doRykSHTJQnMgNeg9aslsbM4aI=","width":1080,"height":720,"folderId":null,"thumbnail":{"url":"https://assets.nicepagecdn.com/09835b43/6473107/images/thumbnails/photo-1475087542963-13ab5e611954.jpeg","width":150,"height":100},"originalUrl":"https://images.unsplash.com/photo-1475087542963-13ab5e611954?crop=entropy&cs=tinysrgb&fit=max&fm=jpg&ixid=M3w1NzgzNjl8MHwxfGNvbGxlY3Rpb258NHxDSkpScE00ejQwVXx8fHx8Mnx8MTc0MTk0NDQ4NXw&ixlib=rb-4.0.3&q=80&w=1080","usages":[]},{"id":"user-image-photo-1514897575457-c4db467cf78e.jpeg","fileName":"photo-1514897575457-c4db467cf78e.jpeg","name":"photo-1514897575457-c4db467cf78e","publicUrl":"https://assets.nicepagecdn.com/09835b43/6473107/images/photo-1514897575457-c4db467cf78e.jpeg","size":62447,"hash":"HVEcrMN6qp6NTc7w5IP3WrMgQpo=","width":1080,"height":721,"folderId":null,"thumbnail":{"url":"https://assets.nicepagecdn.com/09835b43/6473107/images/thumbnails/photo-1514897575457-c4db467cf78e.jpeg","width":150,"height":100},"originalUrl":"https://images.unsplash.com/photo-1514897575457-c4db467cf78e?crop=entropy&cs=tinysrgb&fit=max&fm=jpg&ixid=M3w1NzgzNjl8MHwxfGNvbGxlY3Rpb258MjB8Q0pKUnBNNHo0MFV8fHx8fDJ8fDE3NDE5NDQ0ODV8&ixlib=rb-4.0.3&q=80&w=1080","usages":[]},{"id":"user-image-photo-1642265991386-3147c7bc6c3e.jpeg","fileName":"photo-1642265991386-3147c7bc6c3e.jpeg","name":"photo-1642265991386-3147c7bc6c3e","publicUrl":"https://assets.nicepagecdn.com/09835b43/6473107/images/photo-1642265991386-3147c7bc6c3e.jpeg","size":290541,"hash":"UWvgzBF6Hw21Yajf2zd3tHph9ps=","width":1080,"height":1350,"folderId":null,"thumbnail":{"url":"https://assets.nicepagecdn.com/09835b43/6473107/images/thumbnails/photo-1642265991386-3147c7bc6c3e.jpeg","width":120,"height":150},"originalUrl":"https://images.unsplash.com/photo-1642265991386-3147c7bc6c3e?crop=entropy&cs=tinysrgb&fit=max&fm=jpg&ixid=M3w1NzgzNjl8MHwxfGNvbGxlY3Rpb258MTF8Q0pKUnBNNHo0MFV8fHx8fDJ8fDE3NDE5NDQ0ODV8&ixlib=rb-4.0.3&q=80&w=1080","usages":[]},{"id":"user-image-photo-1535741883953-147fb7bfab3f.jpeg","fileName":"photo-1535741883953-147fb7bfab3f.jpeg","name":"photo-1535741883953-147fb7bfab3f","publicUrl":"https://assets.nicepagecdn.com/09835b43/6473107/images/photo-1535741883953-147fb7bfab3f.jpeg","size":295781,"hash":"ggRIp1Z4qCyCqxcMzApxSGOWE/k=","width":1080,"height":1440,"folderId":null,"thumbnail":{"url":"https://assets.nicepagecdn.com/09835b43/6473107/images/thumbnails/photo-1535741883953-147fb7bfab3f.jpeg","width":113,"height":150},"originalUrl":"https://images.unsplash.com/photo-1535741883953-147fb7bfab3f?crop=entropy&cs=tinysrgb&fit=max&fm=jpg&ixid=M3w1NzgzNjl8MHwxfGNvbGxlY3Rpb258MTl8Q0pKUnBNNHo0MFV8fHx8fDJ8fDE3NDE5NDQ0ODV8&ixlib=rb-4.0.3&q=80&w=1080","usages":[]},{"id":"user-image-photo-1520895852210-cc75893b8faa.jpeg","fileName":"photo-1520895852210-cc75893b8faa.jpeg","name":"photo-1520895852210-cc75893b8faa","publicUrl":"https://assets.nicepagecdn.com/09835b43/6473107/images/photo-1520895852210-cc75893b8faa.jpeg","size":135406,"hash":"nIEHWOOXseZwhQiGlgYfR0rDKkY=","width":1080,"height":608,"folderId":null,"thumbnail":{"url":"https://assets.nicepagecdn.com/09835b43/6473107/images/thumbnails/photo-1520895852210-cc75893b8faa.jpeg","width":150,"height":84},"originalUrl":"https://images.unsplash.com/photo-1520895852210-cc75893b8faa?crop=entropy&cs=tinysrgb&fit=max&fm=jpg&ixid=M3w1NzgzNjl8MHwxfGNvbGxlY3Rpb258MTJ8Q0pKUnBNNHo0MFV8fHx8fDJ8fDE3NDE5NDQ0ODV8&ixlib=rb-4.0.3&q=80&w=1080","usages":[]}]