[{"id":48109195,"title":"Blog Template","order":1,"templateKey":"blog","customTemplate":false,"customTemplateFilename":null,"pageLinks":[],"dateCreated":"2025-03-14T09:21:53.214Z","dateUpdated":"2025-03-14T09:22:10.519Z","folderId":null,"pageName":"Blog Template","sectionCount":1,"status":2},{"id":105412600,"title":"Post Template","order":2,"templateKey":"post","customTemplate":false,"customTemplateFilename":null,"pageLinks":[],"dateCreated":"2025-03-14T09:21:53.426Z","dateUpdated":"2025-03-14T09:22:10.520Z","folderId":null,"pageName":"Post Template","sectionCount":1,"status":2},{"id":65171334,"title":"Product List Template","order":3,"templateKey":"products","customTemplate":false,"customTemplateFilename":null,"pageLinks":[],"dateCreated":"2025-03-14T09:21:53.685Z","dateUpdated":"2025-03-14T09:22:10.520Z","folderId":null,"pageName":"Product List Template","sectionCount":1,"status":2},{"id":940028327,"title":"Product Details Template","order":4,"templateKey":"product","customTemplate":false,"customTemplateFilename":null,"pageLinks":[],"dateCreated":"2025-03-14T09:21:53.963Z","dateUpdated":"2025-03-14T09:22:10.520Z","folderId":null,"pageName":"Product Details Template","sectionCount":1,"status":2},{"id":179723882,"title":"Shopping Cart Template","order":5,"templateKey":"cart","customTemplate":false,"customTemplateFilename":null,"pageLinks":[],"dateCreated":"2025-03-14T09:21:54.239Z","dateUpdated":"2025-03-14T09:22:10.521Z","folderId":null,"pageName":"Shopping Cart Template","sectionCount":1,"status":2},{"id":151927870,"title":"Login Template","order":7,"templateKey":"login","customTemplate":false,"customTemplateFilename":null,"pageLinks":[],"dateCreated":"2025-03-14T09:21:54.421Z","dateUpdated":"2025-03-14T09:22:10.521Z","folderId":null,"pageName":"Login Template","sectionCount":1,"status":2},{"id":1694220860,"title":"Search Template","order":8,"templateKey":"Search","customTemplate":false,"customTemplateFilename":null,"pageLinks":[],"dateCreated":"2025-03-14T09:21:54.569Z","dateUpdated":"2025-03-14T09:22:10.521Z","folderId":null,"pageName":"Search Template","sectionCount":1,"status":2},{"id":68908042,"title":"Password Template","order":9,"templateKey":"password","customTemplate":false,"customTemplateFilename":null,"pageLinks":[],"dateCreated":"2025-03-14T09:21:54.688Z","dateUpdated":"2025-03-14T09:22:10.521Z","folderId":null,"pageName":"Password Template","sectionCount":1,"status":2},{"id":1780002436,"title":"404 Not Found Template","order":10,"templateKey":"404","customTemplate":false,"customTemplateFilename":null,"pageLinks":[],"dateCreated":"2025-03-14T09:21:54.811Z","dateUpdated":"2025-03-14T09:22:10.522Z","folderId":null,"pageName":"404 Not Found Template","sectionCount":1,"status":2},{"id":229662329,"title":"Thank You Template","order":11,"templateKey":"ThankYou","customTemplate":false,"customTemplateFilename":null,"pageLinks":[],"dateCreated":"2025-03-14T09:21:54.899Z","dateUpdated":"2025-03-14T09:22:10.522Z","folderId":null,"pageName":"Thank You Template","sectionCount":1,"status":2},{"id":987713305,"title":"Home","order":50,"templateKey":null,"customTemplate":false,"customTemplateFilename":null,"pageLinks":["315702375"],"dateCreated":"2025-03-14T09:22:16.241Z","dateUpdated":"2025-03-18T09:56:55.412Z","folderId":null,"pageName":"Home_987713305","sectionCount":3,"status":2},{"id":27851437,"title":"About","order":100,"templateKey":null,"customTemplate":false,"customTemplateFilename":null,"pageLinks":[],"dateCreated":"2025-03-14T09:21:55.303Z","dateUpdated":"2025-03-18T09:58:10.105Z","folderId":null,"pageName":"About_27851437","sectionCount":4,"status":2},{"id":315702375,"title":"Plan Your Stay","order":102,"templateKey":null,"customTemplate":false,"customTemplateFilename":null,"pageLinks":[],"dateCreated":"2025-03-14T09:22:51.741Z","dateUpdated":"2025-03-18T12:25:58.606Z","folderId":null,"pageName":"Plan Your Stay_315702375","sectionCount":5,"status":2},{"id":1540710491,"title":"Terms Of Service","order":104,"templateKey":null,"customTemplate":false,"customTemplateFilename":null,"pageLinks":[],"dateCreated":"2025-03-17T07:35:14.464Z","dateUpdated":"2025-03-18T12:53:35.181Z","folderId":null,"pageName":"Terms Of Service_1540710491","sectionCount":8,"status":2},{"id":361024110,"title":"Contact","order":105,"templateKey":null,"customTemplate":false,"customTemplateFilename":null,"pageLinks":[],"dateCreated":"2025-03-18T06:33:05.981Z","dateUpdated":"2025-03-18T09:39:59.544Z","folderId":null,"pageName":"Contact_361024110","sectionCount":3,"status":2}]